Accuracy,F1,ROC_AUC,PR_AUC,Brier
0.8069552874378992,0.6,0.8425392027693818,0.6444291597101038,0.13696048061041158
