,Store,Dept,Weekly_Sales
Store,1.0,0.02400366751813345,-0.08519499183242299
Dept,0.02400366751813345,1.0,0.14803206001304245
Weekly_Sales,-0.08519499183242299,0.14803206001304245,1.0
